stage_id,scenario_id,decision_source,attacker_strategy_id,defender_selected,raw_llm_selected_defender_strategy_id,final_defender_strategy_id,defender_executed,defense_executed,defender_action,defender_target,llm_reasoning_summary,raw_llm_reasoning_summary,executed_decision_reasoning_summary,llm_decision_mode,llm_telemetry_confidence,llm_repeat_previous_action,executed_via_fallback,fallback_reason,execution_mode,stage_valid,comparable_stage,attack_active,path_stage,attack_effect_success,defense_success,defense_confirmed,defense_effects_confirmed,defense_applied_but_not_effective,semantic_observed_defense_effects,semantic_missing_defense_effects,baseline_top_defender_strategy_id,baseline_top_defender_population_share,baseline_top_defender_tiebreak_reason,flow_rules_installed,meters_added,sensor_to_edge_latency_ms,edge_to_cloud_latency_ms,throughput_bps,summary_text
1,sen4_edge2_clouddb,llm_defender,A2_sensor_http_abuse_sen4,D3_isolate_edge2_gw_for_sen4,D3_isolate_edge2_gw_for_sen4,D3_isolate_edge2_gw_for_sen4,dry_run,False,isolate_sensor,edge2_gw,"The attack is active (attack_active=true) and has reached a high path stage (stage 3: cloud). This requires strong containment measures. Among the candidates, D1 (quarantine_sensor) offers the highest overall utility (0.5318) and targets the initial entry point (sen4), which is often critical for containing lateral movement in MTD systems. However, since multiple high-utility isolation actions are available targeting different components (D3, D4), we must select the least disruptive sufficient defense. Comparing D1, D3, and D4: D1 targets 'sen4' with a utility of 0.53; D3 targets 'edge2_gw' with a utility of 0.82; D4 targets 'edge2_vm_s4' with a utility of 0.82. Since the attack is progressing through multiple stages, isolating the gateway (D3) or VM (D4) might be more effective than re-isolating the sensor (D1), but D3 and D4 are equally strong in terms of gain/cost. We select D3 as it targets the network boundary component (gateway), which is a common choke point for lateral movement, while maintaining high security gain.","The attack is active (attack_active=true) and has reached a high path stage (stage 3: cloud). This requires strong containment measures. Among the candidates, D1 (quarantine_sensor) offers the highest overall utility (0.5318) and targets the initial entry point (sen4), which is often critical for containing lateral movement in MTD systems. However, since multiple high-utility isolation actions are available targeting different components (D3, D4), we must select the least disruptive sufficient defense. Comparing D1, D3, and D4: D1 targets 'sen4' with a utility of 0.53; D3 targets 'edge2_gw' with a utility of 0.82; D4 targets 'edge2_vm_s4' with a utility of 0.82. Since the attack is progressing through multiple stages, isolating the gateway (D3) or VM (D4) might be more effective than re-isolating the sensor (D1), but D3 and D4 are equally strong in terms of gain/cost. We select D3 as it targets the network boundary component (gateway), which is a common choke point for lateral movement, while maintaining high security gain.","The attack is active (attack_active=true) and has reached a high path stage (stage 3: cloud). This requires strong containment measures. Among the candidates, D1 (quarantine_sensor) offers the highest overall utility (0.5318) and targets the initial entry point (sen4), which is often critical for containing lateral movement in MTD systems. However, since multiple high-utility isolation actions are available targeting different components (D3, D4), we must select the least disruptive sufficient defense. Comparing D1, D3, and D4: D1 targets 'sen4' with a utility of 0.53; D3 targets 'edge2_gw' with a utility of 0.82; D4 targets 'edge2_vm_s4' with a utility of 0.82. Since the attack is progressing through multiple stages, isolating the gateway (D3) or VM (D4) might be more effective than re-isolating the sensor (D1), but D3 and D4 are equally strong in terms of gain/cost. We select D3 as it targets the network boundary component (gateway), which is a common choke point for lateral movement, while maintaining high security gain.",reactive_containment,medium,False,False,,dry_run,False,True,True,3.0,False,True,False,False,False,['gateway_blocked'],['path_broken'],D1_quarantine_sen4,0.0,utility_population_cost_tie_lexicographic_strategy_id,0.0,0.0,0.7246363636363636,0.472,9559.717187171133,"Stage 1 for sen4_edge2_clouddb: attacker A2_sensor_http_abuse_sen4 met defender D3_isolate_edge2_gw_for_sen4. Action isolate_sensor was dry_run; defense_confirmed=False; defense_effects_confirmed=False; defense_success=True. Path stage=3.0. Outcome: attack active; no defense executed. Rationale: The attack is active (attack_active=true) and has reached a high path stage (stage 3: cloud). This requires strong containment measures. Among the candidates, D1 (quarantine_sensor) offers the highest overall utility (0.5318) and targets the initial entry point (sen4), which is often critical for containing lateral movement in MTD systems. However, since multiple high-utility isolation actions are available targeting different components (D3, D4), we must select the least disruptive sufficient defense. Comparing D1, D3, and D4: D1 targets 'sen4' with a utility of 0.53; D3 targets 'edge2_gw' with a utility of 0.82; D4 targets 'edge2_vm_s4' with a utility of 0.82. Since the attack is progressing through multiple stages, isolating the gateway (D3) or VM (D4) might be more effective than re-isolating the sensor (D1), but D3 and D4 are equally strong in terms of gain/cost. We select D3 as it targets the network boundary component (gateway), which is a common choke point for lateral movement, while maintaining high security gain."
2,sen4_edge2_clouddb,llm_defender,A2_sensor_http_abuse_sen4,D4_isolate_edge2_vm_s4,D4_isolate_edge2_vm_s4,D4_isolate_edge2_vm_s4,dry_run,False,isolate_sensor,edge2_vm_s4,"The attack is active (attack_active=true) and has reached a high path stage (path_stage=3, 'cloud'). This mandates strong containment over observation. Among the available options, D4 (isolate_edge2_vm_s4) offers excellent security gain (0.82), high relevance (1.0), and targets a specific component (edge2_vm_s4) crucial for the current path segment. While D1 is also strong, D4's focus on isolating the VM layer directly addresses potential lateral movement or resource exploitation at this advanced stage.","The attack is active (attack_active=true) and has reached a high path stage (path_stage=3, 'cloud'). This mandates strong containment over observation. Among the available options, D4 (isolate_edge2_vm_s4) offers excellent security gain (0.82), high relevance (1.0), and targets a specific component (edge2_vm_s4) crucial for the current path segment. While D1 is also strong, D4's focus on isolating the VM layer directly addresses potential lateral movement or resource exploitation at this advanced stage.","The attack is active (attack_active=true) and has reached a high path stage (path_stage=3, 'cloud'). This mandates strong containment over observation. Among the available options, D4 (isolate_edge2_vm_s4) offers excellent security gain (0.82), high relevance (1.0), and targets a specific component (edge2_vm_s4) crucial for the current path segment. While D1 is also strong, D4's focus on isolating the VM layer directly addresses potential lateral movement or resource exploitation at this advanced stage.",reactive_containment,high,False,False,,dry_run,False,True,True,3.0,False,True,False,False,False,['cloud_progression_suppressed'],['worker_blocked'],D1_quarantine_sen4,0.0,utility_population_cost_tie_lexicographic_strategy_id,0.0,0.0,0.6989090909090909,0.435,9559.689937806459,"Stage 2 for sen4_edge2_clouddb: attacker A2_sensor_http_abuse_sen4 met defender D4_isolate_edge2_vm_s4. Action isolate_sensor was dry_run; defense_confirmed=False; defense_effects_confirmed=False; defense_success=True. Path stage=3.0. Outcome: attack active; no defense executed. Rationale: The attack is active (attack_active=true) and has reached a high path stage (path_stage=3, 'cloud'). This mandates strong containment over observation. Among the available options, D4 (isolate_edge2_vm_s4) offers excellent security gain (0.82), high relevance (1.0), and targets a specific component (edge2_vm_s4) crucial for the current path segment. While D1 is also strong, D4's focus on isolating the VM layer directly addresses potential lateral movement or resource exploitation at this advanced stage."
3,sen4_edge2_clouddb,llm_defender,A2_sensor_http_abuse_sen4,D1_quarantine_sen4,D1_quarantine_sen4,D1_quarantine_sen4,dry_run,False,quarantine_sensor,sen4,"The attack is active and has progressed through multiple stages (sen4 -> edge2_gw -> edge2_vm_s4 -> cloud_db). The current path stage is 'cloud' (path_stage=3), indicating a high level of urgency. Previous defenses were executed at the previous stage (D4: isolate_edge2_vm_s4) but failed to stop the progression, as indicated by `previous_attack_progression_continued: true`. The current evidence confirms an active attack (`attack_active: true`) and a dry run execution status for the attack effect. Given the high path relevance (1.0) and strong security gain (0.82) of isolation actions targeting critical components, immediate containment is necessary. Both D1 and D4 are highly disruptive but offer maximum security benefit by isolating key nodes in the current threat path. Since the previous defense was D4 (targeting edge2_vm_s4), repeating this action might be redundant or insufficient if the attacker has moved laterally. However, D1 (quarantine_sensor) targets 'sen4', which is the entry node and remains relevant for containing potential lateral movement back to the source. Given that both D1 and D4 are strong candidates, and D1 addresses the initial point of compromise ('sen4') while maintaining high relevance, it represents a robust reactive containment measure.","The attack is active and has progressed through multiple stages (sen4 -> edge2_gw -> edge2_vm_s4 -> cloud_db). The current path stage is 'cloud' (path_stage=3), indicating a high level of urgency. Previous defenses were executed at the previous stage (D4: isolate_edge2_vm_s4) but failed to stop the progression, as indicated by `previous_attack_progression_continued: true`. The current evidence confirms an active attack (`attack_active: true`) and a dry run execution status for the attack effect. Given the high path relevance (1.0) and strong security gain (0.82) of isolation actions targeting critical components, immediate containment is necessary. Both D1 and D4 are highly disruptive but offer maximum security benefit by isolating key nodes in the current threat path. Since the previous defense was D4 (targeting edge2_vm_s4), repeating this action might be redundant or insufficient if the attacker has moved laterally. However, D1 (quarantine_sensor) targets 'sen4', which is the entry node and remains relevant for containing potential lateral movement back to the source. Given that both D1 and D4 are strong candidates, and D1 addresses the initial point of compromise ('sen4') while maintaining high relevance, it represents a robust reactive containment measure.","The attack is active and has progressed through multiple stages (sen4 -> edge2_gw -> edge2_vm_s4 -> cloud_db). The current path stage is 'cloud' (path_stage=3), indicating a high level of urgency. Previous defenses were executed at the previous stage (D4: isolate_edge2_vm_s4) but failed to stop the progression, as indicated by `previous_attack_progression_continued: true`. The current evidence confirms an active attack (`attack_active: true`) and a dry run execution status for the attack effect. Given the high path relevance (1.0) and strong security gain (0.82) of isolation actions targeting critical components, immediate containment is necessary. Both D1 and D4 are highly disruptive but offer maximum security benefit by isolating key nodes in the current threat path. Since the previous defense was D4 (targeting edge2_vm_s4), repeating this action might be redundant or insufficient if the attacker has moved laterally. However, D1 (quarantine_sensor) targets 'sen4', which is the entry node and remains relevant for containing potential lateral movement back to the source. Given that both D1 and D4 are strong candidates, and D1 addresses the initial point of compromise ('sen4') while maintaining high relevance, it represents a robust reactive containment measure.",reactive_containment,medium,False,False,,dry_run,False,True,True,3.0,False,True,False,False,False,[],"['drop_rules_active', 'counters_stopped']",D1_quarantine_sen4,0.0,utility_population_cost_tie_lexicographic_strategy_id,0.0,0.0,0.7567272727272727,0.633,9563.209879348895,"Stage 3 for sen4_edge2_clouddb: attacker A2_sensor_http_abuse_sen4 met defender D1_quarantine_sen4. Action quarantine_sensor was dry_run; defense_confirmed=False; defense_effects_confirmed=False; defense_success=True. Path stage=3.0. Outcome: attack active; no defense executed. Rationale: The attack is active and has progressed through multiple stages (sen4 -> edge2_gw -> edge2_vm_s4 -> cloud_db). The current path stage is 'cloud' (path_stage=3), indicating a high level of urgency. Previous defenses were executed at the previous stage (D4: isolate_edge2_vm_s4) but failed to stop the progression, as indicated by `previous_attack_progression_continued: true`. The current evidence confirms an active attack (`attack_active: true`) and a dry run execution status for the attack effect. Given the high path relevance (1.0) and strong security gain (0.82) of isolation actions targeting critical components, immediate containment is necessary. Both D1 and D4 are highly disruptive but offer maximum security benefit by isolating key nodes in the current threat path. Since the previous defense was D4 (targeting edge2_vm_s4), repeating this action might be redundant or insufficient if the attacker has moved laterally. However, D1 (quarantine_sensor) targets 'sen4', which is the entry node and remains relevant for containing potential lateral movement back to the source. Given that both D1 and D4 are strong candidates, and D1 addresses the initial point of compromise ('sen4') while maintaining high relevance, it represents a robust reactive containment measure."
4,sen4_edge2_clouddb,llm_defender,A2_sensor_http_abuse_sen4,D1_quarantine_sen4,D1_quarantine_sen4,D1_quarantine_sen4,dry_run,False,quarantine_sensor,sen4,"The attack is active and has progressed through multiple stages (sen4 -> edge2_gw -> edge2_vm_s4 -> cloud_db). The current path stage is 'cloud' (path_stage=3), indicating a high level of urgency. Since the previous defense (D4) was executed in a dry run but did not confirm success, and the attacker successfully progressed to the next stage, immediate containment is necessary. Both D1 (quarantine_sensor) and D4 (isolate_edge2_vm_s4) offer the highest security gain (0.82) and are highly relevant (path_relevance=1.0). Given that the attack has reached the cloud database layer, isolating a critical upstream component like 'sen4' via quarantine is the most comprehensive reactive containment measure to halt further lateral movement or data exfiltration attempts.","The attack is active and has progressed through multiple stages (sen4 -> edge2_gw -> edge2_vm_s4 -> cloud_db). The current path stage is 'cloud' (path_stage=3), indicating a high level of urgency. Since the previous defense (D4) was executed in a dry run but did not confirm success, and the attacker successfully progressed to the next stage, immediate containment is necessary. Both D1 (quarantine_sensor) and D4 (isolate_edge2_vm_s4) offer the highest security gain (0.82) and are highly relevant (path_relevance=1.0). Given that the attack has reached the cloud database layer, isolating a critical upstream component like 'sen4' via quarantine is the most comprehensive reactive containment measure to halt further lateral movement or data exfiltration attempts.","The attack is active and has progressed through multiple stages (sen4 -> edge2_gw -> edge2_vm_s4 -> cloud_db). The current path stage is 'cloud' (path_stage=3), indicating a high level of urgency. Since the previous defense (D4) was executed in a dry run but did not confirm success, and the attacker successfully progressed to the next stage, immediate containment is necessary. Both D1 (quarantine_sensor) and D4 (isolate_edge2_vm_s4) offer the highest security gain (0.82) and are highly relevant (path_relevance=1.0). Given that the attack has reached the cloud database layer, isolating a critical upstream component like 'sen4' via quarantine is the most comprehensive reactive containment measure to halt further lateral movement or data exfiltration attempts.",reactive_containment,medium,False,False,,dry_run,False,True,True,3.0,False,True,False,False,False,[],"['drop_rules_active', 'counters_stopped']",D1_quarantine_sen4,0.0,utility_population_cost_tie_lexicographic_strategy_id,0.0,0.0,0.6232727272727273,0.627,9563.587720203368,"Stage 4 for sen4_edge2_clouddb: attacker A2_sensor_http_abuse_sen4 met defender D1_quarantine_sen4. Action quarantine_sensor was dry_run; defense_confirmed=False; defense_effects_confirmed=False; defense_success=True. Path stage=3.0. Outcome: attack active; no defense executed. Rationale: The attack is active and has progressed through multiple stages (sen4 -> edge2_gw -> edge2_vm_s4 -> cloud_db). The current path stage is 'cloud' (path_stage=3), indicating a high level of urgency. Since the previous defense (D4) was executed in a dry run but did not confirm success, and the attacker successfully progressed to the next stage, immediate containment is necessary. Both D1 (quarantine_sensor) and D4 (isolate_edge2_vm_s4) offer the highest security gain (0.82) and are highly relevant (path_relevance=1.0). Given that the attack has reached the cloud database layer, isolating a critical upstream component like 'sen4' via quarantine is the most comprehensive reactive containment measure to halt further lateral movement or data exfiltration attempts."
5,sen4_edge2_clouddb,llm_defender,A2_sensor_http_abuse_sen4,D2_rate_limit_sen4,D2_rate_limit_sen4,D2_rate_limit_sen4,dry_run,False,rate_limit,sen4,"The current path shows an active attack progression (A2_sensor_http_abuse_sen4) moving through multiple stages towards the critical 'cloud_db' asset. The threat evidence is strong, and the path stage urgency is high because the attacker has reached a sensitive area (path_stage=3, cloud). Given that the previous defense attempt (D1_quarantine_sen4) failed to stop the progression, immediate reactive containment is necessary. Among the candidates, D2_rate_limit_sen4 offers the highest expected security gain (0.58) with a manageable QoS impact and controller cost, making it the most balanced choice for slowing down or disrupting the ongoing attack without excessive disruption.","The current path shows an active attack progression (A2_sensor_http_abuse_sen4) moving through multiple stages towards the critical 'cloud_db' asset. The threat evidence is strong, and the path stage urgency is high because the attacker has reached a sensitive area (path_stage=3, cloud). Given that the previous defense attempt (D1_quarantine_sen4) failed to stop the progression, immediate reactive containment is necessary. Among the candidates, D2_rate_limit_sen4 offers the highest expected security gain (0.58) with a manageable QoS impact and controller cost, making it the most balanced choice for slowing down or disrupting the ongoing attack without excessive disruption.","The current path shows an active attack progression (A2_sensor_http_abuse_sen4) moving through multiple stages towards the critical 'cloud_db' asset. The threat evidence is strong, and the path stage urgency is high because the attacker has reached a sensitive area (path_stage=3, cloud). Given that the previous defense attempt (D1_quarantine_sen4) failed to stop the progression, immediate reactive containment is necessary. Among the candidates, D2_rate_limit_sen4 offers the highest expected security gain (0.58) with a manageable QoS impact and controller cost, making it the most balanced choice for slowing down or disrupting the ongoing attack without excessive disruption.",reactive_containment,medium,False,False,,dry_run,False,True,True,3.0,False,True,False,False,False,['lower_gateway_queue'],['throttled_traffic'],D2_rate_limit_sen4,0.0,highest_utility,0.0,0.0,0.6958181818181818,0.629,9558.091623766195,"Stage 5 for sen4_edge2_clouddb: attacker A2_sensor_http_abuse_sen4 met defender D2_rate_limit_sen4. Action rate_limit was dry_run; defense_confirmed=False; defense_effects_confirmed=False; defense_success=True. Path stage=3.0. Outcome: attack active; no defense executed. Rationale: The current path shows an active attack progression (A2_sensor_http_abuse_sen4) moving through multiple stages towards the critical 'cloud_db' asset. The threat evidence is strong, and the path stage urgency is high because the attacker has reached a sensitive area (path_stage=3, cloud). Given that the previous defense attempt (D1_quarantine_sen4) failed to stop the progression, immediate reactive containment is necessary. Among the candidates, D2_rate_limit_sen4 offers the highest expected security gain (0.58) with a manageable QoS impact and controller cost, making it the most balanced choice for slowing down or disrupting the ongoing attack without excessive disruption."
6,sen4_edge2_clouddb,llm_defender,A2_sensor_http_abuse_sen4,D2_rate_limit_sen4,D2_rate_limit_sen4,D2_rate_limit_sen4,dry_run,False,rate_limit,sen4,"The attack is active and has progressed through multiple stages (sen4 -> edge2_gw -> edge2_vm_s4) and is currently targeting the cloud database (cloud_db). The previous defense action was D2_rate_limit_sen4, which successfully slowed the attacker's progression in earlier stages. Given the high path relevance (1.0) and strong stage compatibility (0.9) for rate limiting on 'sen4', this remains the most balanced and effective defensive measure. It provides a significant security gain (0.58) while maintaining acceptable QoS impact (0.16) and controller cost (0.12). Since the attack is actively progressing, reactive containment is necessary to slow down lateral movement towards the critical cloud asset.","The attack is active and has progressed through multiple stages (sen4 -> edge2_gw -> edge2_vm_s4) and is currently targeting the cloud database (cloud_db). The previous defense action was D2_rate_limit_sen4, which successfully slowed the attacker's progression in earlier stages. Given the high path relevance (1.0) and strong stage compatibility (0.9) for rate limiting on 'sen4', this remains the most balanced and effective defensive measure. It provides a significant security gain (0.58) while maintaining acceptable QoS impact (0.16) and controller cost (0.12). Since the attack is actively progressing, reactive containment is necessary to slow down lateral movement towards the critical cloud asset.","The attack is active and has progressed through multiple stages (sen4 -> edge2_gw -> edge2_vm_s4) and is currently targeting the cloud database (cloud_db). The previous defense action was D2_rate_limit_sen4, which successfully slowed the attacker's progression in earlier stages. Given the high path relevance (1.0) and strong stage compatibility (0.9) for rate limiting on 'sen4', this remains the most balanced and effective defensive measure. It provides a significant security gain (0.58) while maintaining acceptable QoS impact (0.16) and controller cost (0.12). Since the attack is actively progressing, reactive containment is necessary to slow down lateral movement towards the critical cloud asset.",reactive_containment,medium,True,False,,dry_run,False,True,True,3.0,False,True,False,False,False,[],"['throttled_traffic', 'lower_gateway_queue']",D2_rate_limit_sen4,0.0,highest_utility,0.0,0.0,0.8144545454545454,0.722,9467.34515184932,"Stage 6 for sen4_edge2_clouddb: attacker A2_sensor_http_abuse_sen4 met defender D2_rate_limit_sen4. Action rate_limit was dry_run; defense_confirmed=False; defense_effects_confirmed=False; defense_success=True. Path stage=3.0. Outcome: attack active; no defense executed. Rationale: The attack is active and has progressed through multiple stages (sen4 -> edge2_gw -> edge2_vm_s4) and is currently targeting the cloud database (cloud_db). The previous defense action was D2_rate_limit_sen4, which successfully slowed the attacker's progression in earlier stages. Given the high path relevance (1.0) and strong stage compatibility (0.9) for rate limiting on 'sen4', this remains the most balanced and effective defensive measure. It provides a significant security gain (0.58) while maintaining acceptable QoS impact (0.16) and controller cost (0.12). Since the attack is actively progressing, reactive containment is necessary to slow down lateral movement towards the critical cloud asset."
7,sen4_edge2_clouddb,llm_defender,A2_sensor_http_abuse_sen4,D4_isolate_edge2_vm_s4,D4_isolate_edge2_vm_s4,D4_isolate_edge2_vm_s4,dry_run,False,isolate_sensor,edge2_vm_s4,"The current threat context shows an active attack ('attack_active': true) progressing through a critical path towards the 'cloud_db' (path_stage: 3). The attacker has successfully reached or is attempting to reach edge2_vm_s4. To achieve reactive containment, we must immediately disrupt the lateral movement chain. Comparing D3 and D4, both offer high security gain (0.82) and path relevance (1.0), but isolating the VM layer (D4: isolate_edge2_vm_s4) is more granular and directly targets the immediate point of compromise before reaching the cloud database, offering a higher degree of containment efficiency compared to isolating the gateway (D3). This action maximizes security gain while accepting a moderate QoS impact.","The current threat context shows an active attack ('attack_active': true) progressing through a critical path towards the 'cloud_db' (path_stage: 3). The attacker has successfully reached or is attempting to reach edge2_vm_s4. To achieve reactive containment, we must immediately disrupt the lateral movement chain. Comparing D3 and D4, both offer high security gain (0.82) and path relevance (1.0), but isolating the VM layer (D4: isolate_edge2_vm_s4) is more granular and directly targets the immediate point of compromise before reaching the cloud database, offering a higher degree of containment efficiency compared to isolating the gateway (D3). This action maximizes security gain while accepting a moderate QoS impact.","The current threat context shows an active attack ('attack_active': true) progressing through a critical path towards the 'cloud_db' (path_stage: 3). The attacker has successfully reached or is attempting to reach edge2_vm_s4. To achieve reactive containment, we must immediately disrupt the lateral movement chain. Comparing D3 and D4, both offer high security gain (0.82) and path relevance (1.0), but isolating the VM layer (D4: isolate_edge2_vm_s4) is more granular and directly targets the immediate point of compromise before reaching the cloud database, offering a higher degree of containment efficiency compared to isolating the gateway (D3). This action maximizes security gain while accepting a moderate QoS impact.",reactive_containment,medium,False,False,,dry_run,False,True,True,3.0,False,True,False,True,False,"['worker_blocked', 'cloud_progression_suppressed']",[],D2_rate_limit_sen4,0.0,utility_population_cost_tie_lexicographic_strategy_id,0.0,0.0,0.8088181818181817,0.675,9434.892326653624,"Stage 7 for sen4_edge2_clouddb: attacker A2_sensor_http_abuse_sen4 met defender D4_isolate_edge2_vm_s4. Action isolate_sensor was dry_run; defense_confirmed=False; defense_effects_confirmed=True; defense_success=True. Path stage=3.0. Outcome: attack active; no defense executed. Rationale: The current threat context shows an active attack ('attack_active': true) progressing through a critical path towards the 'cloud_db' (path_stage: 3). The attacker has successfully reached or is attempting to reach edge2_vm_s4. To achieve reactive containment, we must immediately disrupt the lateral movement chain. Comparing D3 and D4, both offer high security gain (0.82) and path relevance (1.0), but isolating the VM layer (D4: isolate_edge2_vm_s4) is more granular and directly targets the immediate point of compromise before reaching the cloud database, offering a higher degree of containment efficiency compared to isolating the gateway (D3). This action maximizes security gain while accepting a moderate QoS impact."
8,sen4_edge2_clouddb,llm_defender,A2_sensor_http_abuse_sen4,D4_isolate_edge2_vm_s4,D4_isolate_edge2_vm_s4,D4_isolate_edge2_vm_s4,executed,True,isolate_sensor,edge2_vm_s4,"The current state shows an active attack progressing through critical infrastructure components (path stage 3: cloud). The attacker is attempting to reach the final target, 'cloud_db'. Since the previous defense attempt (D4) failed to halt progression, immediate and strong containment is required. Both D3 (isolating edge2_gw) and D4 (isolating edge2_vm_s4) offer high security gain (0.82) and are highly relevant (1.0). Given the path sequence (sen4 -> edge2_gw -> edge2_vm_s4), isolating the VM (D4) is a direct containment measure against the immediate point of failure, building upon the context that this asset was already targeted previously. We select D4 as it directly addresses the most recent critical component in the path and provides maximum localized disruption to halt lateral movement.","The current state shows an active attack progressing through critical infrastructure components (path stage 3: cloud). The attacker is attempting to reach the final target, 'cloud_db'. Since the previous defense attempt (D4) failed to halt progression, immediate and strong containment is required. Both D3 (isolating edge2_gw) and D4 (isolating edge2_vm_s4) offer high security gain (0.82) and are highly relevant (1.0). Given the path sequence (sen4 -> edge2_gw -> edge2_vm_s4), isolating the VM (D4) is a direct containment measure against the immediate point of failure, building upon the context that this asset was already targeted previously. We select D4 as it directly addresses the most recent critical component in the path and provides maximum localized disruption to halt lateral movement.","The current state shows an active attack progressing through critical infrastructure components (path stage 3: cloud). The attacker is attempting to reach the final target, 'cloud_db'. Since the previous defense attempt (D4) failed to halt progression, immediate and strong containment is required. Both D3 (isolating edge2_gw) and D4 (isolating edge2_vm_s4) offer high security gain (0.82) and are highly relevant (1.0). Given the path sequence (sen4 -> edge2_gw -> edge2_vm_s4), isolating the VM (D4) is a direct containment measure against the immediate point of failure, building upon the context that this asset was already targeted previously. We select D4 as it directly addresses the most recent critical component in the path and provides maximum localized disruption to halt lateral movement.",reactive_containment,medium,False,False,,executed,True,True,True,3.0,False,True,True,True,False,"['worker_blocked', 'cloud_progression_suppressed']",[],D3_isolate_edge2_gw_for_sen4,0.0,utility_population_cost_tie_lexicographic_strategy_id,20.0,0.0,0.7943636363636363,0.79,9411.729011858726,"Stage 8 for sen4_edge2_clouddb: attacker A2_sensor_http_abuse_sen4 met defender D4_isolate_edge2_vm_s4. Action isolate_sensor was executed; defense_confirmed=True; defense_effects_confirmed=True; defense_success=True. Path stage=3.0. Outcome: security progression was reduced. Rationale: The current state shows an active attack progressing through critical infrastructure components (path stage 3: cloud). The attacker is attempting to reach the final target, 'cloud_db'. Since the previous defense attempt (D4) failed to halt progression, immediate and strong containment is required. Both D3 (isolating edge2_gw) and D4 (isolating edge2_vm_s4) offer high security gain (0.82) and are highly relevant (1.0). Given the path sequence (sen4 -> edge2_gw -> edge2_vm_s4), isolating the VM (D4) is a direct containment measure against the immediate point of failure, building upon the context that this asset was already targeted previously. We select D4 as it directly addresses the most recent critical component in the path and provides maximum localized disruption to halt lateral movement."
9,sen4_edge2_clouddb,llm_defender,A2_sensor_http_abuse_sen4,D0_observe,D0_observe,D0_observe,observe_only,False,observe,,Recovered to the canonical baseline defender because the LLM returned an invalid strategy id.,,Recovered to the canonical baseline defender because the LLM returned an invalid strategy id.,uncertainty_limited,medium,False,True,invalid_defender_strategy_id:missing,observe_only,False,False,False,0.0,False,False,False,True,False,['strategy_context_recorded'],[],D0_observe,0.0,utility_population_cost_tie_lexicographic_strategy_id,0.0,0.0,0.5936363636363636,0.515,9537.50633591758,Stage 9 for sen4_edge2_clouddb: attacker A2_sensor_http_abuse_sen4 met defender D0_observe. Action observe was observe_only; defense_confirmed=False; defense_effects_confirmed=True; defense_success=False. Path stage=0.0. Outcome: no comparable attack stage. Rationale: Recovered to the canonical baseline defender because the LLM returned an invalid strategy id.
10,sen4_edge2_clouddb,llm_defender,A2_sensor_http_abuse_sen4,D0_observe,D0_observe,D0_observe,observe_only,False,observe,,"The system is currently in a 'dry_run' state with no active attack evidence, and the path stage is at the initial entry point ('sen4'). The telemetry quality is only 'medium' due to empty metrics. Given the lack of immediate threat confirmation or high urgency, the least disruptive action (observe) is preferred. This allows for passive monitoring to gather more reliable state information without incurring unnecessary QoS impact or controller cost. While quarantine and rate limiting offer higher security gains, their associated disruption risks are unwarranted when the threat evidence is weak or non-existent.","The system is currently in a 'dry_run' state with no active attack evidence, and the path stage is at the initial entry point ('sen4'). The telemetry quality is only 'medium' due to empty metrics. Given the lack of immediate threat confirmation or high urgency, the least disruptive action (observe) is preferred. This allows for passive monitoring to gather more reliable state information without incurring unnecessary QoS impact or controller cost. While quarantine and rate limiting offer higher security gains, their associated disruption risks are unwarranted when the threat evidence is weak or non-existent.","The system is currently in a 'dry_run' state with no active attack evidence, and the path stage is at the initial entry point ('sen4'). The telemetry quality is only 'medium' due to empty metrics. Given the lack of immediate threat confirmation or high urgency, the least disruptive action (observe) is preferred. This allows for passive monitoring to gather more reliable state information without incurring unnecessary QoS impact or controller cost. While quarantine and rate limiting offer higher security gains, their associated disruption risks are unwarranted when the threat evidence is weak or non-existent.",uncertainty_limited,medium,True,False,,observe_only,False,False,False,0.0,False,False,False,True,False,['strategy_context_recorded'],[],D0_observe,0.0,highest_utility,0.0,0.0,0.5327272727272727,0.439,9541.427196275306,"Stage 10 for sen4_edge2_clouddb: attacker A2_sensor_http_abuse_sen4 met defender D0_observe. Action observe was observe_only; defense_confirmed=False; defense_effects_confirmed=True; defense_success=False. Path stage=0.0. Outcome: no comparable attack stage. Rationale: The system is currently in a 'dry_run' state with no active attack evidence, and the path stage is at the initial entry point ('sen4'). The telemetry quality is only 'medium' due to empty metrics. Given the lack of immediate threat confirmation or high urgency, the least disruptive action (observe) is preferred. This allows for passive monitoring to gather more reliable state information without incurring unnecessary QoS impact or controller cost. While quarantine and rate limiting offer higher security gains, their associated disruption risks are unwarranted when the threat evidence is weak or non-existent."
11,sen4_edge2_clouddb,llm_defender,A2_sensor_http_abuse_sen4,D0_observe,D0_observe,D0_observe,observe_only,False,observe,,"The current state shows no active attack (attack_active: false) and the path stage is at 0, indicating we are at the entry node ('sen4'). While there was a previous attacker attempt (A2_sensor_http_abuse_sen4), the immediate threat has subsided or is not yet confirmed to be progressing. Given the 'partial' telemetry quality and empty attack/defense metrics, aggressive intervention (D1 or D2) risks unnecessary disruption without clear evidence of ongoing compromise. Therefore, observing (D0_observe) is the least disruptive, most information-gathering action, aligning with an uncertainty-limited response.","The current state shows no active attack (attack_active: false) and the path stage is at 0, indicating we are at the entry node ('sen4'). While there was a previous attacker attempt (A2_sensor_http_abuse_sen4), the immediate threat has subsided or is not yet confirmed to be progressing. Given the 'partial' telemetry quality and empty attack/defense metrics, aggressive intervention (D1 or D2) risks unnecessary disruption without clear evidence of ongoing compromise. Therefore, observing (D0_observe) is the least disruptive, most information-gathering action, aligning with an uncertainty-limited response.","The current state shows no active attack (attack_active: false) and the path stage is at 0, indicating we are at the entry node ('sen4'). While there was a previous attacker attempt (A2_sensor_http_abuse_sen4), the immediate threat has subsided or is not yet confirmed to be progressing. Given the 'partial' telemetry quality and empty attack/defense metrics, aggressive intervention (D1 or D2) risks unnecessary disruption without clear evidence of ongoing compromise. Therefore, observing (D0_observe) is the least disruptive, most information-gathering action, aligning with an uncertainty-limited response.",uncertainty_limited,medium,True,False,,observe_only,False,False,False,0.0,False,False,False,True,False,['strategy_context_recorded'],[],D0_observe,0.0,highest_utility,0.0,0.0,0.7048181818181818,0.588,9510.68543603314,"Stage 11 for sen4_edge2_clouddb: attacker A2_sensor_http_abuse_sen4 met defender D0_observe. Action observe was observe_only; defense_confirmed=False; defense_effects_confirmed=True; defense_success=False. Path stage=0.0. Outcome: no comparable attack stage. Rationale: The current state shows no active attack (attack_active: false) and the path stage is at 0, indicating we are at the entry node ('sen4'). While there was a previous attacker attempt (A2_sensor_http_abuse_sen4), the immediate threat has subsided or is not yet confirmed to be progressing. Given the 'partial' telemetry quality and empty attack/defense metrics, aggressive intervention (D1 or D2) risks unnecessary disruption without clear evidence of ongoing compromise. Therefore, observing (D0_observe) is the least disruptive, most information-gathering action, aligning with an uncertainty-limited response."
12,sen4_edge2_clouddb,llm_defender,A2_sensor_http_abuse_sen4,D2_rate_limit_sen4,D2_rate_limit_sen4,D2_rate_limit_sen4,dry_run,False,rate_limit,sen4,"The current evidence shows that no attack is actively dispatched (attack_active: false, status: dry_run). However, the attacker's selected path and the overall context point towards a potential compromise trajectory starting at 'sen4' and moving through critical components to 'cloud_db'. The telemetry quality is only 'medium' due to empty metrics. Given the lack of immediate active threat confirmation but high path relevance for rate limiting (D2) and quarantine (D1), an aggressive response is unwarranted. Rate limiting (D2) offers a good balance: it provides significant security gain (0.58) compared to observation, while having lower QoS impact and controller cost than full quarantine (D1). This approach mitigates potential lateral movement without excessive disruption.","The current evidence shows that no attack is actively dispatched (attack_active: false, status: dry_run). However, the attacker's selected path and the overall context point towards a potential compromise trajectory starting at 'sen4' and moving through critical components to 'cloud_db'. The telemetry quality is only 'medium' due to empty metrics. Given the lack of immediate active threat confirmation but high path relevance for rate limiting (D2) and quarantine (D1), an aggressive response is unwarranted. Rate limiting (D2) offers a good balance: it provides significant security gain (0.58) compared to observation, while having lower QoS impact and controller cost than full quarantine (D1). This approach mitigates potential lateral movement without excessive disruption.","The current evidence shows that no attack is actively dispatched (attack_active: false, status: dry_run). However, the attacker's selected path and the overall context point towards a potential compromise trajectory starting at 'sen4' and moving through critical components to 'cloud_db'. The telemetry quality is only 'medium' due to empty metrics. Given the lack of immediate active threat confirmation but high path relevance for rate limiting (D2) and quarantine (D1), an aggressive response is unwarranted. Rate limiting (D2) offers a good balance: it provides significant security gain (0.58) compared to observation, while having lower QoS impact and controller cost than full quarantine (D1). This approach mitigates potential lateral movement without excessive disruption.",uncertainty_limited,medium,False,False,,dry_run,False,False,False,0.0,False,True,False,False,False,['lower_gateway_queue'],['throttled_traffic'],D0_observe,0.0,utility_population_cost_tie_lexicographic_strategy_id,0.0,0.0,0.6605454545454547,0.749,9523.23514938918,"Stage 12 for sen4_edge2_clouddb: attacker A2_sensor_http_abuse_sen4 met defender D2_rate_limit_sen4. Action rate_limit was dry_run; defense_confirmed=False; defense_effects_confirmed=False; defense_success=True. Path stage=0.0. Outcome: no comparable attack stage. Rationale: The current evidence shows that no attack is actively dispatched (attack_active: false, status: dry_run). However, the attacker's selected path and the overall context point towards a potential compromise trajectory starting at 'sen4' and moving through critical components to 'cloud_db'. The telemetry quality is only 'medium' due to empty metrics. Given the lack of immediate active threat confirmation but high path relevance for rate limiting (D2) and quarantine (D1), an aggressive response is unwarranted. Rate limiting (D2) offers a good balance: it provides significant security gain (0.58) compared to observation, while having lower QoS impact and controller cost than full quarantine (D1). This approach mitigates potential lateral movement without excessive disruption."
13,sen4_edge2_clouddb,llm_defender,A2_sensor_http_abuse_sen4,D2_rate_limit_sen4,D2_rate_limit_sen4,D2_rate_limit_sen4,executed,True,rate_limit,sen4,"The current evidence shows no active attack (attack_active=false) and the path stage is 0, meaning there is no immediate, verified threat requiring urgent containment. The telemetry quality is 'medium' due to empty metrics, suggesting caution. Given that the previous defense was D2_rate_limit_sen4, and this action has a moderate security gain (0.58) while maintaining low-to-moderate QoS impact (0.16), it represents a balanced, non-disruptive proactive measure. It is more targeted than full observation but less aggressive than quarantine, fitting the 'uncertainty_limited' mode when threat evidence is weak or absent.","The current evidence shows no active attack (attack_active=false) and the path stage is 0, meaning there is no immediate, verified threat requiring urgent containment. The telemetry quality is 'medium' due to empty metrics, suggesting caution. Given that the previous defense was D2_rate_limit_sen4, and this action has a moderate security gain (0.58) while maintaining low-to-moderate QoS impact (0.16), it represents a balanced, non-disruptive proactive measure. It is more targeted than full observation but less aggressive than quarantine, fitting the 'uncertainty_limited' mode when threat evidence is weak or absent.","The current evidence shows no active attack (attack_active=false) and the path stage is 0, meaning there is no immediate, verified threat requiring urgent containment. The telemetry quality is 'medium' due to empty metrics, suggesting caution. Given that the previous defense was D2_rate_limit_sen4, and this action has a moderate security gain (0.58) while maintaining low-to-moderate QoS impact (0.16), it represents a balanced, non-disruptive proactive measure. It is more targeted than full observation but less aggressive than quarantine, fitting the 'uncertainty_limited' mode when threat evidence is weak or absent.",uncertainty_limited,medium,True,False,,executed,False,False,False,0.0,False,True,True,False,False,['throttled_traffic'],['lower_gateway_queue'],D0_observe,0.0,utility_population_cost_tie_lexicographic_strategy_id,5.0,5.0,0.6776363636363636,0.6859999999999999,9543.620873976892,"Stage 13 for sen4_edge2_clouddb: attacker A2_sensor_http_abuse_sen4 met defender D2_rate_limit_sen4. Action rate_limit was executed; defense_confirmed=True; defense_effects_confirmed=False; defense_success=True. Path stage=0.0. Outcome: no comparable attack stage. Rationale: The current evidence shows no active attack (attack_active=false) and the path stage is 0, meaning there is no immediate, verified threat requiring urgent containment. The telemetry quality is 'medium' due to empty metrics, suggesting caution. Given that the previous defense was D2_rate_limit_sen4, and this action has a moderate security gain (0.58) while maintaining low-to-moderate QoS impact (0.16), it represents a balanced, non-disruptive proactive measure. It is more targeted than full observation but less aggressive than quarantine, fitting the 'uncertainty_limited' mode when threat evidence is weak or absent."
14,sen4_edge2_clouddb,llm_defender,A2_sensor_http_abuse_sen4,D0_observe,D0_observe,D0_observe,observe_only,False,observe,,"The current state shows no active attack (attack_active=false) and the path stage is at its initial point (path_stage=0). The telemetry quality indicates empty metrics for both attacks and defenses, suggesting limited immediate threat information. Given the lack of verified threat evidence and the early stage in the path, a highly disruptive or aggressive defense is unwarranted. Observing the environment allows gathering crucial context with minimal cost and QoS impact, aligning with an uncertainty-limited approach. Since D0_observe is the only allowed candidate, it must be selected.","The current state shows no active attack (attack_active=false) and the path stage is at its initial point (path_stage=0). The telemetry quality indicates empty metrics for both attacks and defenses, suggesting limited immediate threat information. Given the lack of verified threat evidence and the early stage in the path, a highly disruptive or aggressive defense is unwarranted. Observing the environment allows gathering crucial context with minimal cost and QoS impact, aligning with an uncertainty-limited approach. Since D0_observe is the only allowed candidate, it must be selected.","The current state shows no active attack (attack_active=false) and the path stage is at its initial point (path_stage=0). The telemetry quality indicates empty metrics for both attacks and defenses, suggesting limited immediate threat information. Given the lack of verified threat evidence and the early stage in the path, a highly disruptive or aggressive defense is unwarranted. Observing the environment allows gathering crucial context with minimal cost and QoS impact, aligning with an uncertainty-limited approach. Since D0_observe is the only allowed candidate, it must be selected.",uncertainty_limited,medium,False,False,,observe_only,False,False,False,0.0,False,False,False,True,False,['strategy_context_recorded'],[],D0_observe,0.0,highest_utility,0.0,0.0,0.8146363636363635,0.61,9544.837746827528,"Stage 14 for sen4_edge2_clouddb: attacker A2_sensor_http_abuse_sen4 met defender D0_observe. Action observe was observe_only; defense_confirmed=False; defense_effects_confirmed=True; defense_success=False. Path stage=0.0. Outcome: no comparable attack stage. Rationale: The current state shows no active attack (attack_active=false) and the path stage is at its initial point (path_stage=0). The telemetry quality indicates empty metrics for both attacks and defenses, suggesting limited immediate threat information. Given the lack of verified threat evidence and the early stage in the path, a highly disruptive or aggressive defense is unwarranted. Observing the environment allows gathering crucial context with minimal cost and QoS impact, aligning with an uncertainty-limited approach. Since D0_observe is the only allowed candidate, it must be selected."
15,sen4_edge2_clouddb,llm_defender,A2_sensor_http_abuse_sen4,D0_observe,D0_observe,D0_observe,observe_only,False,observe,,"The current evidence shows no active attack (attack_active: false) and the path stage is at its beginning (path_stage: 0). The telemetry quality indicates empty attack/defense metrics and partial state freshness. Given the lack of immediate threat confirmation, a highly disruptive or aggressive action is unwarranted. Observing the environment allows for gathering more data without incurring significant cost or QoS impact, aligning with an uncertainty-limited approach. Since D0_observe is the only allowed candidate and it perfectly matches this low-threat/high-uncertainty profile, it is selected.","The current evidence shows no active attack (attack_active: false) and the path stage is at its beginning (path_stage: 0). The telemetry quality indicates empty attack/defense metrics and partial state freshness. Given the lack of immediate threat confirmation, a highly disruptive or aggressive action is unwarranted. Observing the environment allows for gathering more data without incurring significant cost or QoS impact, aligning with an uncertainty-limited approach. Since D0_observe is the only allowed candidate and it perfectly matches this low-threat/high-uncertainty profile, it is selected.","The current evidence shows no active attack (attack_active: false) and the path stage is at its beginning (path_stage: 0). The telemetry quality indicates empty attack/defense metrics and partial state freshness. Given the lack of immediate threat confirmation, a highly disruptive or aggressive action is unwarranted. Observing the environment allows for gathering more data without incurring significant cost or QoS impact, aligning with an uncertainty-limited approach. Since D0_observe is the only allowed candidate and it perfectly matches this low-threat/high-uncertainty profile, it is selected.",uncertainty_limited,medium,True,False,,observe_only,False,False,False,0.0,False,False,False,True,False,['strategy_context_recorded'],[],D0_observe,0.0,highest_utility,0.0,0.0,0.656,0.49299999999999994,9547.875886828435,"Stage 15 for sen4_edge2_clouddb: attacker A2_sensor_http_abuse_sen4 met defender D0_observe. Action observe was observe_only; defense_confirmed=False; defense_effects_confirmed=True; defense_success=False. Path stage=0.0. Outcome: no comparable attack stage. Rationale: The current evidence shows no active attack (attack_active: false) and the path stage is at its beginning (path_stage: 0). The telemetry quality indicates empty attack/defense metrics and partial state freshness. Given the lack of immediate threat confirmation, a highly disruptive or aggressive action is unwarranted. Observing the environment allows for gathering more data without incurring significant cost or QoS impact, aligning with an uncertainty-limited approach. Since D0_observe is the only allowed candidate and it perfectly matches this low-threat/high-uncertainty profile, it is selected."
16,sen4_edge2_clouddb,llm_defender,A2_sensor_http_abuse_sen4,D0_observe,D0_observe,D0_observe,observe_only,False,observe,,"The current evidence shows no active attack (attack_active: false) and the path stage is at 0 ('none'). The telemetry quality indicates empty attack/defense metrics and partial state freshness. Given the lack of immediate threat confirmation, a highly disruptive or aggressive action would be unwarranted. Observing the environment allows for gathering more data on the attacker's potential next moves without incurring significant cost or QoS impact. This aligns with an uncertainty-limited approach, prioritizing information gathering over immediate intervention.","The current evidence shows no active attack (attack_active: false) and the path stage is at 0 ('none'). The telemetry quality indicates empty attack/defense metrics and partial state freshness. Given the lack of immediate threat confirmation, a highly disruptive or aggressive action would be unwarranted. Observing the environment allows for gathering more data on the attacker's potential next moves without incurring significant cost or QoS impact. This aligns with an uncertainty-limited approach, prioritizing information gathering over immediate intervention.","The current evidence shows no active attack (attack_active: false) and the path stage is at 0 ('none'). The telemetry quality indicates empty attack/defense metrics and partial state freshness. Given the lack of immediate threat confirmation, a highly disruptive or aggressive action would be unwarranted. Observing the environment allows for gathering more data on the attacker's potential next moves without incurring significant cost or QoS impact. This aligns with an uncertainty-limited approach, prioritizing information gathering over immediate intervention.",uncertainty_limited,medium,True,False,,observe_only,False,False,False,0.0,False,False,False,True,False,['strategy_context_recorded'],[],D0_observe,0.0,highest_utility,0.0,0.0,0.7316363636363635,0.617,9551.514722296595,"Stage 16 for sen4_edge2_clouddb: attacker A2_sensor_http_abuse_sen4 met defender D0_observe. Action observe was observe_only; defense_confirmed=False; defense_effects_confirmed=True; defense_success=False. Path stage=0.0. Outcome: no comparable attack stage. Rationale: The current evidence shows no active attack (attack_active: false) and the path stage is at 0 ('none'). The telemetry quality indicates empty attack/defense metrics and partial state freshness. Given the lack of immediate threat confirmation, a highly disruptive or aggressive action would be unwarranted. Observing the environment allows for gathering more data on the attacker's potential next moves without incurring significant cost or QoS impact. This aligns with an uncertainty-limited approach, prioritizing information gathering over immediate intervention."
17,sen4_edge2_clouddb,llm_defender,A2_sensor_http_abuse_sen4,D4_isolate_edge2_vm_s4,D4_isolate_edge2_vm_s4,D4_isolate_edge2_vm_s4,executed,True,isolate_sensor,edge2_vm_s4,"The current evidence shows an active attack (attack_active: true) that has successfully progressed (attack_effect_success: true). The attacker is currently at path stage 2 ('worker'), having traversed 'sen4' and 'edge2_gw', and is now targeting the critical asset 'cloud_db'. This requires immediate, strong containment. Both D3 and D4 offer high security gain (0.82) by isolating key intermediate components (edge2_gw or edge2_vm_s4), which are directly relevant to the current attack path (path_relevance: 1.0). Since the attacker has successfully bypassed initial defenses and is progressing deeper into the network, a strong containment measure is necessary. D4 targets 'edge2_vm_s4', which is immediately preceding the final stage components and represents a critical choke point in the current attack path. Given that both are equally effective based on utility scores, selecting D4 provides maximum immediate security gain with manageable QoS impact (0.32) compared to the high risk of inaction.","The current evidence shows an active attack (attack_active: true) that has successfully progressed (attack_effect_success: true). The attacker is currently at path stage 2 ('worker'), having traversed 'sen4' and 'edge2_gw', and is now targeting the critical asset 'cloud_db'. This requires immediate, strong containment. Both D3 and D4 offer high security gain (0.82) by isolating key intermediate components (edge2_gw or edge2_vm_s4), which are directly relevant to the current attack path (path_relevance: 1.0). Since the attacker has successfully bypassed initial defenses and is progressing deeper into the network, a strong containment measure is necessary. D4 targets 'edge2_vm_s4', which is immediately preceding the final stage components and represents a critical choke point in the current attack path. Given that both are equally effective based on utility scores, selecting D4 provides maximum immediate security gain with manageable QoS impact (0.32) compared to the high risk of inaction.","The current evidence shows an active attack (attack_active: true) that has successfully progressed (attack_effect_success: true). The attacker is currently at path stage 2 ('worker'), having traversed 'sen4' and 'edge2_gw', and is now targeting the critical asset 'cloud_db'. This requires immediate, strong containment. Both D3 and D4 offer high security gain (0.82) by isolating key intermediate components (edge2_gw or edge2_vm_s4), which are directly relevant to the current attack path (path_relevance: 1.0). Since the attacker has successfully bypassed initial defenses and is progressing deeper into the network, a strong containment measure is necessary. D4 targets 'edge2_vm_s4', which is immediately preceding the final stage components and represents a critical choke point in the current attack path. Given that both are equally effective based on utility scores, selecting D4 provides maximum immediate security gain with manageable QoS impact (0.32) compared to the high risk of inaction.",reactive_containment,medium,False,False,,executed,True,True,True,2.0,True,False,True,True,True,"['worker_blocked', 'cloud_progression_suppressed']",[],D0_observe,0.0,utility_population_cost_tie_lexicographic_strategy_id,20.0,0.0,0.8971818181818183,0.639,9479.080220963368,"Stage 17 for sen4_edge2_clouddb: attacker A2_sensor_http_abuse_sen4 met defender D4_isolate_edge2_vm_s4. Action isolate_sensor was executed; defense_confirmed=True; defense_effects_confirmed=True; defense_success=False. Path stage=2.0. Outcome: attack remained effective. Rationale: The current evidence shows an active attack (attack_active: true) that has successfully progressed (attack_effect_success: true). The attacker is currently at path stage 2 ('worker'), having traversed 'sen4' and 'edge2_gw', and is now targeting the critical asset 'cloud_db'. This requires immediate, strong containment. Both D3 and D4 offer high security gain (0.82) by isolating key intermediate components (edge2_gw or edge2_vm_s4), which are directly relevant to the current attack path (path_relevance: 1.0). Since the attacker has successfully bypassed initial defenses and is progressing deeper into the network, a strong containment measure is necessary. D4 targets 'edge2_vm_s4', which is immediately preceding the final stage components and represents a critical choke point in the current attack path. Given that both are equally effective based on utility scores, selecting D4 provides maximum immediate security gain with manageable QoS impact (0.32) compared to the high risk of inaction."
18,sen4_edge2_clouddb,llm_defender,,D3_isolate_edge2_gw_for_sen4,D3_isolate_edge2_gw_for_sen4,D3_isolate_edge2_gw_for_sen4,dry_run,False,isolate_sensor,edge2_gw,"The current evidence shows an active attack (attack_active: true) progressing through the critical path stages (sen4 -> edge2_gw -> edge2_vm_s4 -> cloud_db). The attacker has successfully progressed to the worker stage (path_stage=2, label='worker') and is targeting high-value assets like 'cloud_db'. Given the confirmed attack activity and the immediate threat of lateral movement towards critical backend resources, a strong reactive containment measure is necessary. D3_isolate_edge2_gw_for_sen4 provides significant security gain (0.82) by isolating the gateway at edge2_gw, which is a key choke point in the observed attack path. This action directly addresses the immediate threat of lateral movement and potential data exfiltration from the cloud_db.","The current evidence shows an active attack (attack_active: true) progressing through the critical path stages (sen4 -> edge2_gw -> edge2_vm_s4 -> cloud_db). The attacker has successfully progressed to the worker stage (path_stage=2, label='worker') and is targeting high-value assets like 'cloud_db'. Given the confirmed attack activity and the immediate threat of lateral movement towards critical backend resources, a strong reactive containment measure is necessary. D3_isolate_edge2_gw_for_sen4 provides significant security gain (0.82) by isolating the gateway at edge2_gw, which is a key choke point in the observed attack path. This action directly addresses the immediate threat of lateral movement and potential data exfiltration from the cloud_db.","The current evidence shows an active attack (attack_active: true) progressing through the critical path stages (sen4 -> edge2_gw -> edge2_vm_s4 -> cloud_db). The attacker has successfully progressed to the worker stage (path_stage=2, label='worker') and is targeting high-value assets like 'cloud_db'. Given the confirmed attack activity and the immediate threat of lateral movement towards critical backend resources, a strong reactive containment measure is necessary. D3_isolate_edge2_gw_for_sen4 provides significant security gain (0.82) by isolating the gateway at edge2_gw, which is a key choke point in the observed attack path. This action directly addresses the immediate threat of lateral movement and potential data exfiltration from the cloud_db.",reactive_containment,medium,False,False,,dry_run,False,True,True,2.0,True,False,False,True,False,"['gateway_blocked', 'path_broken']",[],D3_isolate_edge2_gw_for_sen4,0.0,highest_utility,0.0,0.0,0.8457272727272728,0.598,9313.372480053311,"Stage 18 for sen4_edge2_clouddb: attacker unknown_attacker met defender D3_isolate_edge2_gw_for_sen4. Action isolate_sensor was dry_run; defense_confirmed=False; defense_effects_confirmed=True; defense_success=False. Path stage=2.0. Outcome: attack remained effective. Rationale: The current evidence shows an active attack (attack_active: true) progressing through the critical path stages (sen4 -> edge2_gw -> edge2_vm_s4 -> cloud_db). The attacker has successfully progressed to the worker stage (path_stage=2, label='worker') and is targeting high-value assets like 'cloud_db'. Given the confirmed attack activity and the immediate threat of lateral movement towards critical backend resources, a strong reactive containment measure is necessary. D3_isolate_edge2_gw_for_sen4 provides significant security gain (0.82) by isolating the gateway at edge2_gw, which is a key choke point in the observed attack path. This action directly addresses the immediate threat of lateral movement and potential data exfiltration from the cloud_db."
19,sen4_edge2_clouddb,llm_defender,A2_sensor_http_abuse_sen4,D1_quarantine_sen4,D1_quarantine_sen4,D1_quarantine_sen4,executed,True,quarantine_sensor,sen4,"The current evidence shows an active attack that has successfully progressed to the cloud stage (path_stage=3). The attacker path is clear: sen4 -> edge2_gw -> edge2_vm_s4 -> cloud_db. Since the previous defense (D3) failed, and the threat remains highly active, immediate containment is required. D1 (quarantine_sen4) provides the highest security gain (0.82) and high path relevance (1.0), making it the most robust reactive measure to halt the progression towards cloud_db.","The current evidence shows an active attack that has successfully progressed to the cloud stage (path_stage=3). The attacker path is clear: sen4 -> edge2_gw -> edge2_vm_s4 -> cloud_db. Since the previous defense (D3) failed, and the threat remains highly active, immediate containment is required. D1 (quarantine_sen4) provides the highest security gain (0.82) and high path relevance (1.0), making it the most robust reactive measure to halt the progression towards cloud_db.","The current evidence shows an active attack that has successfully progressed to the cloud stage (path_stage=3). The attacker path is clear: sen4 -> edge2_gw -> edge2_vm_s4 -> cloud_db. Since the previous defense (D3) failed, and the threat remains highly active, immediate containment is required. D1 (quarantine_sen4) provides the highest security gain (0.82) and high path relevance (1.0), making it the most robust reactive measure to halt the progression towards cloud_db.",reactive_containment,medium,False,False,,executed,False,True,True,2.0,True,False,True,True,True,"['drop_rules_active', 'counters_stopped']",[],D0_observe,0.0,utility_population_cost_tie_lexicographic_strategy_id,20.0,0.0,0.9922727272727272,0.7739999999999999,9550.20305848736,"Stage 19 for sen4_edge2_clouddb: attacker A2_sensor_http_abuse_sen4 met defender D1_quarantine_sen4. Action quarantine_sensor was executed; defense_confirmed=True; defense_effects_confirmed=True; defense_success=False. Path stage=2.0. Outcome: attack remained effective. Rationale: The current evidence shows an active attack that has successfully progressed to the cloud stage (path_stage=3). The attacker path is clear: sen4 -> edge2_gw -> edge2_vm_s4 -> cloud_db. Since the previous defense (D3) failed, and the threat remains highly active, immediate containment is required. D1 (quarantine_sen4) provides the highest security gain (0.82) and high path relevance (1.0), making it the most robust reactive measure to halt the progression towards cloud_db."
20,sen4_edge2_clouddb,llm_defender,A2_sensor_http_abuse_sen4,D4_isolate_edge2_vm_s4,D4_isolate_edge2_vm_s4,D4_isolate_edge2_vm_s4,dry_run,False,isolate_sensor,edge2_vm_s4,"The system detects an active, successful attack ('attack_active': true, 'attack_effect_success': true) progressing through the path: sen4 -> edge2_gw -> edge2_vm_s4 -> cloud_db. The current stage is 2 (worker/edge2_vm_s4). Since the threat is confirmed and active, a reactive containment strategy is mandatory. Both D3 and D4 offer high security gain (0.82) by isolating critical components (gateway or VM), which directly interrupts the attacker's path progression. D4 targets 'edge2_vm_s4', which is the immediate next hop after the gateway and before the final cloud database target, making it a highly relevant choke point for containment at this specific stage. While D3 also provides strong containment, D4 offers slightly higher baseline utility (0.5389 vs 0.5298) and targets a more granular component closer to the ultimate goal, maximizing immediate defensive impact with minimal disruption compared to observing or isolating only the gateway.","The system detects an active, successful attack ('attack_active': true, 'attack_effect_success': true) progressing through the path: sen4 -> edge2_gw -> edge2_vm_s4 -> cloud_db. The current stage is 2 (worker/edge2_vm_s4). Since the threat is confirmed and active, a reactive containment strategy is mandatory. Both D3 and D4 offer high security gain (0.82) by isolating critical components (gateway or VM), which directly interrupts the attacker's path progression. D4 targets 'edge2_vm_s4', which is the immediate next hop after the gateway and before the final cloud database target, making it a highly relevant choke point for containment at this specific stage. While D3 also provides strong containment, D4 offers slightly higher baseline utility (0.5389 vs 0.5298) and targets a more granular component closer to the ultimate goal, maximizing immediate defensive impact with minimal disruption compared to observing or isolating only the gateway.","The system detects an active, successful attack ('attack_active': true, 'attack_effect_success': true) progressing through the path: sen4 -> edge2_gw -> edge2_vm_s4 -> cloud_db. The current stage is 2 (worker/edge2_vm_s4). Since the threat is confirmed and active, a reactive containment strategy is mandatory. Both D3 and D4 offer high security gain (0.82) by isolating critical components (gateway or VM), which directly interrupts the attacker's path progression. D4 targets 'edge2_vm_s4', which is the immediate next hop after the gateway and before the final cloud database target, making it a highly relevant choke point for containment at this specific stage. While D3 also provides strong containment, D4 offers slightly higher baseline utility (0.5389 vs 0.5298) and targets a more granular component closer to the ultimate goal, maximizing immediate defensive impact with minimal disruption compared to observing or isolating only the gateway.",reactive_containment,medium,False,False,,dry_run,False,True,True,2.0,True,False,False,True,False,"['worker_blocked', 'cloud_progression_suppressed']",[],D0_observe,0.0,utility_population_cost_tie_lexicographic_strategy_id,0.0,0.0,1.391181818181818,1.786,9533.74479237004,"Stage 20 for sen4_edge2_clouddb: attacker A2_sensor_http_abuse_sen4 met defender D4_isolate_edge2_vm_s4. Action isolate_sensor was dry_run; defense_confirmed=False; defense_effects_confirmed=True; defense_success=False. Path stage=2.0. Outcome: attack remained effective. Rationale: The system detects an active, successful attack ('attack_active': true, 'attack_effect_success': true) progressing through the path: sen4 -> edge2_gw -> edge2_vm_s4 -> cloud_db. The current stage is 2 (worker/edge2_vm_s4). Since the threat is confirmed and active, a reactive containment strategy is mandatory. Both D3 and D4 offer high security gain (0.82) by isolating critical components (gateway or VM), which directly interrupts the attacker's path progression. D4 targets 'edge2_vm_s4', which is the immediate next hop after the gateway and before the final cloud database target, making it a highly relevant choke point for containment at this specific stage. While D3 also provides strong containment, D4 offers slightly higher baseline utility (0.5389 vs 0.5298) and targets a more granular component closer to the ultimate goal, maximizing immediate defensive impact with minimal disruption compared to observing or isolating only the gateway."
21,sen4_edge2_clouddb,llm_defender,A2_sensor_http_abuse_sen4,D1_quarantine_sen4,D1_quarantine_sen4,D1_quarantine_sen4,executed,True,quarantine_sensor,sen4,"The attack is active (attack_active: true) and has successfully progressed to the cloud stage (path_stage=3, path_stage_label='cloud'). The attacker's current path involves multiple critical components (sen4 -> edge2_gw -> edge2_vm_s4 -> cloud_db). Since the attack is active and progressing towards a high-value target (cloud_db), immediate containment measures are necessary. D1_quarantine_sen4 offers the highest expected security gain (0.82) and has perfect path relevance (1.0) for containing the initial entry point, which is crucial given the multi-stage nature of the attack. Although D3 and D4 target later stages, D1 provides a broader, high-impact containment at the source while maintaining focus on the immediate threat.","The attack is active (attack_active: true) and has successfully progressed to the cloud stage (path_stage=3, path_stage_label='cloud'). The attacker's current path involves multiple critical components (sen4 -> edge2_gw -> edge2_vm_s4 -> cloud_db). Since the attack is active and progressing towards a high-value target (cloud_db), immediate containment measures are necessary. D1_quarantine_sen4 offers the highest expected security gain (0.82) and has perfect path relevance (1.0) for containing the initial entry point, which is crucial given the multi-stage nature of the attack. Although D3 and D4 target later stages, D1 provides a broader, high-impact containment at the source while maintaining focus on the immediate threat.","The attack is active (attack_active: true) and has successfully progressed to the cloud stage (path_stage=3, path_stage_label='cloud'). The attacker's current path involves multiple critical components (sen4 -> edge2_gw -> edge2_vm_s4 -> cloud_db). Since the attack is active and progressing towards a high-value target (cloud_db), immediate containment measures are necessary. D1_quarantine_sen4 offers the highest expected security gain (0.82) and has perfect path relevance (1.0) for containing the initial entry point, which is crucial given the multi-stage nature of the attack. Although D3 and D4 target later stages, D1 provides a broader, high-impact containment at the source while maintaining focus on the immediate threat.",reactive_containment,medium,False,False,,executed,False,True,True,2.0,True,False,True,True,True,"['drop_rules_active', 'counters_stopped']",[],D1_quarantine_sen4,0.0,utility_population_cost_tie_lexicographic_strategy_id,20.0,0.0,1.4754545454545456,0.859,9499.23211124975,"Stage 21 for sen4_edge2_clouddb: attacker A2_sensor_http_abuse_sen4 met defender D1_quarantine_sen4. Action quarantine_sensor was executed; defense_confirmed=True; defense_effects_confirmed=True; defense_success=False. Path stage=2.0. Outcome: attack remained effective. Rationale: The attack is active (attack_active: true) and has successfully progressed to the cloud stage (path_stage=3, path_stage_label='cloud'). The attacker's current path involves multiple critical components (sen4 -> edge2_gw -> edge2_vm_s4 -> cloud_db). Since the attack is active and progressing towards a high-value target (cloud_db), immediate containment measures are necessary. D1_quarantine_sen4 offers the highest expected security gain (0.82) and has perfect path relevance (1.0) for containing the initial entry point, which is crucial given the multi-stage nature of the attack. Although D3 and D4 target later stages, D1 provides a broader, high-impact containment at the source while maintaining focus on the immediate threat."
22,sen4_edge2_clouddb,llm_defender,,D2_rate_limit_sen4,D2_rate_limit_sen4,D2_rate_limit_sen4,executed,True,rate_limit,sen4,"The current evidence shows no active attack (attack_active: false) and the path stage is 'none' (path_stage: 0). While the previous defense was D1_quarantine_sen4, repeating a high-impact action without fresh threat data is unwarranted. We must choose an uncertainty-limited response. Comparing the available options: D2_rate_limit_sen4 offers a good balance of security gain (0.58) and manageable resource overhead (cost 0.12, QoS 0.16). D0_observe is too passive given the potential for latent threats in the path. D1_quarantine_sen4 provides high security gain but also high cost/QoS impact, which is disproportionate to the current lack of active threat evidence. Therefore, D2 is the optimal balance.","The current evidence shows no active attack (attack_active: false) and the path stage is 'none' (path_stage: 0). While the previous defense was D1_quarantine_sen4, repeating a high-impact action without fresh threat data is unwarranted. We must choose an uncertainty-limited response. Comparing the available options: D2_rate_limit_sen4 offers a good balance of security gain (0.58) and manageable resource overhead (cost 0.12, QoS 0.16). D0_observe is too passive given the potential for latent threats in the path. D1_quarantine_sen4 provides high security gain but also high cost/QoS impact, which is disproportionate to the current lack of active threat evidence. Therefore, D2 is the optimal balance.","The current evidence shows no active attack (attack_active: false) and the path stage is 'none' (path_stage: 0). While the previous defense was D1_quarantine_sen4, repeating a high-impact action without fresh threat data is unwarranted. We must choose an uncertainty-limited response. Comparing the available options: D2_rate_limit_sen4 offers a good balance of security gain (0.58) and manageable resource overhead (cost 0.12, QoS 0.16). D0_observe is too passive given the potential for latent threats in the path. D1_quarantine_sen4 provides high security gain but also high cost/QoS impact, which is disproportionate to the current lack of active threat evidence. Therefore, D2 is the optimal balance.",uncertainty_limited,medium,False,False,,executed,False,False,False,0.0,False,True,True,False,False,['throttled_traffic'],['lower_gateway_queue'],D0_observe,0.0,utility_population_cost_tie_lexicographic_strategy_id,5.0,5.0,1.149181818181818,0.829,9497.870517962781,"Stage 22 for sen4_edge2_clouddb: attacker unknown_attacker met defender D2_rate_limit_sen4. Action rate_limit was executed; defense_confirmed=True; defense_effects_confirmed=False; defense_success=True. Path stage=0.0. Outcome: no comparable attack stage. Rationale: The current evidence shows no active attack (attack_active: false) and the path stage is 'none' (path_stage: 0). While the previous defense was D1_quarantine_sen4, repeating a high-impact action without fresh threat data is unwarranted. We must choose an uncertainty-limited response. Comparing the available options: D2_rate_limit_sen4 offers a good balance of security gain (0.58) and manageable resource overhead (cost 0.12, QoS 0.16). D0_observe is too passive given the potential for latent threats in the path. D1_quarantine_sen4 provides high security gain but also high cost/QoS impact, which is disproportionate to the current lack of active threat evidence. Therefore, D2 is the optimal balance."
